{
  "project_info": {
    "project_number": "_create_your_own_firebase_project",
    "firebase_url": "https://_create_your_own_firebase_project.firebaseio.com",
    "project_id": "self-562ec",
    "storage_bucket": "_create_your_own_firebase_project"
  },
  "client": [
    {
      "client_info": {
        "mobilesdk_app_id": "_create_your_own_firebase_project",
        "android_client_info": {
          "package_name": "_create_your_own_firebase_project"
        }
      },
      "oauth_client": [
        {
          "client_id": "_create_your_own_firebase_project.apps.googleusercontent.com",
          "client_type": 1,
          "android_info": {
            "package_name": "_create_your_own_firebase_project",
            "certificate_hash": "_create_your_own_firebase_project"
          }
        }
      ],
      "api_key": [
        {
          "current_key": "_create_your_own_firebase_project_current_key"
        }
      ],
      "services": {
        "appinvite_service": {
          "other_platform_oauth_client": [
            {
              "client_id": "_create_your_own_firebase_project-_create_your_own_firebase_project.apps.googleusercontent.com",
              "client_type": 3
            }
          ]
        }
      }
    }
  ],
  "configuration_version": "1"
}
